source_id	kind	location	version_or_date	notes
repo-1e83435	local repository	git:1e83435	2026-09-09	Application/source evidence baseline; existing documentation reviewed against code
handover-qa-20260929	local verification	workstreams/maintenance/chats/2026-09-29__developer-handover/qa/	2026-09-29 America/New_York	Current automated checks and screenshots; no remote deployment verification
repo-3c69275	local repository	git:3c69275	2026-09-29	Baseline before current ruler expansion; previously pushed to origin/main
ruler-wikipedia-20260930	cached public reference extractions	sources/rulers/wikipedia-extracted.json	2026-09-30	Detailed succession pages and inspected routes; source sampling and individual holds; raw snapshots ignored
ruler-century-review-20260930	failed source review	sources/rulers/chronology-review.json	2026-09-30	26 of 30 comparisons agreed; unchecked tenure records excluded; detailed links used only for discovery
ruler-identity-20260930	identity metadata	sources/rulers/identity-evidence.json	2026-09-30	Canonical pages, redirects and Wikidata identities; not independent date corroboration
ruler-additional-20260930	additional explicit crosswalks	sources/rulers/additional-extracted.json	2026-09-30	Archigos and Islamic Atlas source records; preserve actual tenures and right-censoring
ruler-qa-20260930	local verification	workstreams/rulers/chats/2026-09-29__complete-ruler-coverage/qa/	2026-09-30	Extraction inspections, sample failures, full map validation, tests and browser evidence; not a completeness certificate
repo-3dd9e62	local repository	git:3dd9e62	2026-09-30	Baseline for year-format, licence and count fixes; live on GitHub Pages when checked
fixes-qa-20260930	local verification	workstreams/maintenance/chats/2026-09-30__year-format-licence-counts/qa/	2026-09-30 America/New_York	Automated checks, browser suite and inspected screenshots; not yet published
live-qa-20261001	remote verification	workstreams/maintenance/chats/2026-09-30__year-format-licence-counts/qa/live/	2026-10-01 America/New_York	Pages deployment, licence detection and browser suite against the published site at 5200e2b
repo-079d818	local repository	git:079d818	2026-10-01	Baseline for the Folio interface; live on GitHub Pages when checked
folio-qa-20261001	local verification	workstreams/maintenance/chats/2026-10-01__folio-interface/qa/	2026-10-01 America/New_York	Automated checks, both browser suites, inspected screenshots and a local frame-timing comparison; not yet published
live-qa-20261001-folio	remote verification	workstreams/maintenance/chats/2026-10-01__folio-interface/qa/live/	2026-10-01 America/New_York	Pages deployment, live file comparison and both browser suites against the published site at 9664250
repo-f752a39	local repository	git:f752a39	2026-10-01	Baseline for the terrain and river layers; live on GitHub Pages when checked
natural-earth-50m-geography	public-domain map source	data/raw/ne_50m_rivers_lake_centerlines.json; data/raw/ne_50m_lakes.json; data/raw/SR_50M.zip	downloaded 2026-10-01 America/New_York	Natural Earth 1:50m rivers and lake centrelines, lakes and shaded relief via scripts/fetch_sources.sh; SHA-256 in workstreams/maintenance/chats/2026-10-03__terrain-rivers/qa/raw-inputs.txt; raw files ignored
terrain-qa-20261003	local verification	workstreams/maintenance/chats/2026-10-03__terrain-rivers/qa/	2026-10-03 America/New_York	Automated checks, both browser suites, inspected screenshots, registration and frame-timing comparison; not yet published
live-qa-20261003-terrain	remote verification	workstreams/maintenance/chats/2026-10-03__terrain-rivers/qa/live/	2026-10-03 America/New_York	Pages deployment, live file comparison and both browser suites against the published site at 71b05fb
